{
  "oldParams": true,
  "wave_type": 0,
  "p_env_attack": 0,
  "p_env_sustain": 0.05733324557419022,
  "p_env_punch": 0,
  "p_env_decay": 0.30278562545205445,
  "p_base_freq": 0.2568065131829852,
  "p_freq_limit": 0,
  "p_freq_ramp": 0.2353376354046532,
  "p_freq_dramp": 0,
  "p_vib_strength": 0.009315990361743264,
  "p_vib_speed": 0.24783144633953746,
  "p_arp_mod": 0,
  "p_arp_speed": 0,
  "p_duty": 0.07680705707073972,
  "p_duty_ramp": 0,
  "p_repeat_speed": 0,
  "p_pha_offset": 0,
  "p_pha_ramp": 0,
  "p_lpf_freq": 1,
  "p_lpf_ramp": 0,
  "p_lpf_resonance": 0,
  "p_hpf_freq": 0,
  "p_hpf_ramp": 0,
  "sound_vol": 0.25,
  "sample_rate": 44100,
  "sample_size": 8
}